{
  "\\+?\\d{1,4}?[-.\\s]?\\(?\\d{1,3}?\\)?[-.\\s]?\\d{1,4}[-.\\s]?\\d{1,4}[-.\\s]?\\d{1,9}": {
    "iterations": 10,
    "mean": 31.13696578609997,
    "stdev": 7.010066071979714,
    "min": 26.01353322399882,
    "max": 41.877454471999954,
    "times": [
      41.012130311000874,
      41.877454471999954,
      40.895526147000055,
      27.543124751000505,
      26.431231549000586,
      26.22006127900022,
      27.634958254000594,
      26.953132973998436,
      26.01353322399882,
      26.78850489999968
    ]
  },
  "\\+?[1-9][0-9]{7,14}": {
    "iterations": 10,
    "mean": 0.403274797800259,
    "stdev": 0.022509662347589506,
    "min": 0.3674548439994396,
    "max": 0.4393290480002179,
    "times": [
      0.4393290480002179,
      0.41717229599998973,
      0.4170098089998646,
      0.4149496360005287,
      0.4166863120008202,
      0.3890887239995209,
      0.3674548439994396,
      0.4052913780014933,
      0.37187706800068554,
      0.39388886300002923
    ]
  },
  "([1-9]|0[1-9]|1[0-9]|2[0-9]|3[0-1])(\\.|-|/)([1-9]|0[1-9]|1[0-2])(\\.|-|/)([0-9][0-9]|19[0-9][0-9]|20[0-9][0-9])|([0-9][0-9]|19[0-9][0-9]|20[0-9][0-9])(\\.|-|/)([1-9]|0[1-9]|1[0-2])(\\.|-|/)([1-9]|0[1-9]|1[0-9]|2[0-9]|3[0-1])": {
    "iterations": 10,
    "mean": 0.9752039036999122,
    "stdev": 0.052720758536631544,
    "min": 0.869854081000085,
    "max": 1.060583984999539,
    "times": [
      0.9762217579991557,
      0.869854081000085,
      1.0053622010000254,
      1.0205072669996298,
      0.9311875109997345,
      0.96196092900027,
      0.9433029070005432,
      0.9910367450011108,
      1.060583984999539,
      0.9920216529990284
    ]
  },
  "(0?[1-9]|1[0-2]):[0-5]\\d\\s?(am|pm)?": {
    "iterations": 10,
    "mean": 0.9962654189001114,
    "stdev": 0.09736691705745182,
    "min": 0.8569502419995843,
    "max": 1.1346547580014885,
    "times": [
      0.8877416229988739,
      0.8569502419995843,
      0.8626377030013828,
      1.047440321999602,
      1.0464871109998057,
      1.0139562160002242,
      1.0742796929989709,
      1.0668535670010897,
      0.971652954000092,
      1.1346547580014885
    ]
  },
  "(?:(?:25[0-5]|2[0-4][0-9]|[01]?[0-9][0-9]?)\\.){3}(?:25[0-5]|2[0-4][0-9]|[01]?[0-9][0-9]?)": {
    "iterations": 10,
    "mean": 0.7129876641003647,
    "stdev": 0.05613276414899423,
    "min": 0.6170167170002969,
    "max": 0.7853014960001019,
    "times": [
      0.6994446120006614,
      0.7136003060004441,
      0.751827220999985,
      0.7424865390003106,
      0.6783212420014024,
      0.6351592330011044,
      0.6170167170002969,
      0.7329027369996766,
      0.7738165379996644,
      0.7853014960001019
    ]
  },
  "(https?:\\/\\/)?([\\da-z\\.-]+)\\.([a-z\\.]{2,6})([\\/\\w \\.-]*)*\\/?": {
    "iterations": 10,
    "mean": 16.015462601499895,
    "stdev": 0.7010831959472644,
    "min": 14.441339221999442,
    "max": 16.862539277000906,
    "times": [
      16.385924768999757,
      16.862539277000906,
      15.479524368000057,
      16.25401191399942,
      16.132502648999434,
      15.779814769999575,
      16.819913101000566,
      16.122004570999707,
      15.877051374000075,
      14.441339221999442
    ]
  },
  "\\d{3}-\\d{2}-\\d{4}": {
    "iterations": 10,
    "mean": 4.9370949444999495,
    "stdev": 0.28347785650783736,
    "min": 4.52701894799975,
    "max": 5.318217199999708,
    "times": [
      4.907436067000162,
      4.9865717770007905,
      5.10221290499976,
      5.318217199999708,
      5.304039421998823,
      5.042141117000938,
      4.587155426999743,
      4.988390323000203,
      4.607766258999618,
      4.52701894799975
    ]
  },
  "\\{[\\n ]*\"name\"[\\n ]*:[\\n ]*\"(?:[^\"\\\\\\x00-\\x1f\\x7f-\\x9f]|\\\\.){0,10}\"[\\n ]*,[\\n ]*\"age\"[\\n ]*:[\\n ]*(0|[1-9][0-9]*)[\\n ]*,[\\n ]*\"armor\"[\\n ]*:[\\n ]*(\"leather\"|\"chainmail\"|\"plate\")[\\n ]*,[\\n ]*\"strength\"[\\n ]*:[\\n ]*(0|[1-9][0-9]*)[\\n ]*\\}": {
    "iterations": 10,
    "mean": 6.874227476700071,
    "stdev": 0.36711454807360244,
    "min": 6.364357112999642,
    "max": 7.388496415000191,
    "times": [
      6.364357112999642,
      6.408522429999721,
      6.6269759080005315,
      6.832089075000113,
      6.696305882000161,
      7.277701638000508,
      7.388496415000191,
      7.081421561000752,
      7.278970966999623,
      6.787433777999468
    ]
  },
  "\\{[\\n ]*\"id\"[\\n ]*:[\\n ]*(-)?((0|[1-9][0-9]*))(\\.[0-9]+)?([eE][+-][0-9]+)?[\\n ]*,[\\n ]*\"work\"[\\n ]*:[\\n ]*\\{[\\n ]*\"id\"[\\n ]*:[\\n ]*(-)?((0|[1-9][0-9]*))(\\.[0-9]+)?([eE][+-][0-9]+)?[\\n ]*,[\\n ]*\"name\"[\\n ]*:[\\n ]*\"(?:[^\"\\\\\\x00-\\x1f\\x7f-\\x9f]|\\\\.)*\"[\\n ]*,[\\n ]*\"composer\"[\\n ]*:[\\n ]*\\{[\\n ]*\"id\"[\\n ]*:[\\n ]*(-)?((0|[1-9][0-9]*))(\\.[0-9]+)?([eE][+-][0-9]+)?[\\n ]*,[\\n ]*\"name\"[\\n ]*:[\\n ]*\"(?:[^\"\\\\\\x00-\\x1f\\x7f-\\x9f]|\\\\.)*\"[\\n ]*,[\\n ]*\"functions\"[\\n ]*:[\\n ]*\\[(\"(?:[^\"\\\\\\x00-\\x1f\\x7f-\\x9f]|\\\\.)*\")(,(\"(?:[^\"\\\\\\x00-\\x1f\\x7f-\\x9f]|\\\\.)*\"))*\\][\\n ]*\\}[\\n ]*\\}[\\n ]*,[\\n ]*\"recording_artists\"[\\n ]*:[\\n ]*\\[(\\{[\\n ]*\"id\"[\\n ]*:[\\n ]*(-)?((0|[1-9][0-9]*))(\\.[0-9]+)?([eE][+-][0-9]+)?[\\n ]*,[\\n ]*\"name\"[\\n ]*:[\\n ]*\"(?:[^\"\\\\\\x00-\\x1f\\x7f-\\x9f]|\\\\.)*\"[\\n ]*,[\\n ]*\"functions\"[\\n ]*:[\\n ]*\\[(\"(?:[^\"\\\\\\x00-\\x1f\\x7f-\\x9f]|\\\\.)*\")(,(\"(?:[^\"\\\\\\x00-\\x1f\\x7f-\\x9f]|\\\\.)*\"))*\\][\\n ]*\\})(,(\\{[\\n ]*\"id\"[\\n ]*:[\\n ]*(-)?((0|[1-9][0-9]*))(\\.[0-9]+)?([eE][+-][0-9]+)?[\\n ]*,[\\n ]*\"name\"[\\n ]*:[\\n ]*\"(?:[^\"\\\\\\x00-\\x1f\\x7f-\\x9f]|\\\\.)*\"[\\n ]*,[\\n ]*\"functions\"[\\n ]*:[\\n ]*\\[(\"(?:[^\"\\\\\\x00-\\x1f\\x7f-\\x9f]|\\\\.)*\")(,(\"(?:[^\"\\\\\\x00-\\x1f\\x7f-\\x9f]|\\\\.)*\"))*\\][\\n ]*\\}))*\\][\\n ]*\\}": {
    "iterations": 10,
    "mean": 11.526954412300256,
    "stdev": 1.2924936120198312,
    "min": 10.538421330998972,
    "max": 15.092668293000315,
    "times": [
      10.538421330998972,
      10.94137297999987,
      11.653080510001018,
      11.056518167999457,
      10.918417827000667,
      11.066683525001281,
      11.199747159000253,
      11.546954982999523,
      11.255679347001205,
      15.092668293000315
    ]
  },
  "choice 1|choice 2|car|truck|dog": {
    "iterations": 10,
    "mean": 0.6415323403998627,
    "stdev": 0.12263633584997442,
    "min": 0.36320897699988564,
    "max": 0.7374801089990797,
    "times": [
      0.36320897699988564,
      0.47853834200031997,
      0.6553854970006796,
      0.654758586000753,
      0.7374801089990797,
      0.6979987579998124,
      0.6941863419997389,
      0.731594242999563,
      0.7182311449996632,
      0.6839414049991319
    ]
  },
  "long choice 1 giberrish blah blah blah|long choice 2 giberrish blah blah blah": {
    "iterations": 10,
    "mean": 2.1850403315998848,
    "stdev": 0.24736054552304484,
    "min": 1.7903250540002773,
    "max": 2.573498853998899,
    "times": [
      2.573498853998899,
      1.7903250540002773,
      2.3036632699986512,
      2.350187523999921,
      2.0294117000012193,
      2.092637294999804,
      1.8706222310011071,
      2.382300942999791,
      2.1099930250002217,
      2.347763419998955
    ]
  }
}